country,mot_cle,score,country_clean
Afghanistan,artificial intelligence,7,afghanistan
Afrique du Sud,artificial intelligence,8,south africa
Albanie,artificial intelligence,8,albania
Algérie,artificial intelligence,5,algeria
Allemagne,artificial intelligence,4,germany
Andorre,artificial intelligence,6,andorre
Angola,artificial intelligence,3,angola
Anguilla,artificial intelligence,0,anguilla
Antarctique,artificial intelligence,0,antarctique
Antigua-et-Barbuda,artificial intelligence,5,antigua-et-barbuda
Arabie saoudite,artificial intelligence,6,saudi arabia
Argentine,artificial intelligence,2,argentina
Arménie,artificial intelligence,4,armenia
Aruba,artificial intelligence,6,aruba
Australie,artificial intelligence,6,australia
Autriche,artificial intelligence,4,austria
Azerbaïdjan,artificial intelligence,7,azerbaidjan
Bahamas,artificial intelligence,6,bahamas
Bahreïn,artificial intelligence,8,bahrein
Bangladesh,artificial intelligence,7,bangladesh
Barbade,artificial intelligence,8,barbade
Belgique,artificial intelligence,4,belgium
Belize,artificial intelligence,8,belize
Bermudes,artificial intelligence,7,bermudes
Bhoutan,artificial intelligence,10,bhoutan
Biélorussie,artificial intelligence,1,belarus
Bolivie,artificial intelligence,2,bolivia
Bosnie-Herzégovine,artificial intelligence,3,bosnie-herzegovine
Botswana,artificial intelligence,16,botswana
Brunei,artificial intelligence,9,brunei
Brésil,artificial intelligence,3,brazil
Bulgarie,artificial intelligence,4,bulgaria
Burkina Faso,artificial intelligence,3,burkina faso
Burundi,artificial intelligence,5,burundi
Bénin,artificial intelligence,4,benin
Cambodge,artificial intelligence,3,cambodia
Cameroun,artificial intelligence,6,cameroon
Canada,artificial intelligence,6,canada
Cap-Vert,artificial intelligence,5,cap-vert
Chili,artificial intelligence,2,chile
Chine,artificial intelligence,22,china
Chypre,artificial intelligence,6,chypre
Colombie,artificial intelligence,2,colombia
Comores,artificial intelligence,0,comores
Congo-Brazzaville,artificial intelligence,2,congo-brazzaville
Congo-Kinshasa,artificial intelligence,1,congo-kinshasa
Corée du Nord,artificial intelligence,0,coree du nord
Corée du Sud,artificial intelligence,11,south korea
Costa Rica,artificial intelligence,4,costa rica
Croatie,artificial intelligence,3,croatia
Cuba,artificial intelligence,1,cuba
Curaçao,artificial intelligence,7,curacao
Côte d’Ivoire,artificial intelligence,2,cote divoire
Danemark,artificial intelligence,4,denmark
Djibouti,artificial intelligence,7,djibouti
Dominique,artificial intelligence,0,dominique
Espagne,artificial intelligence,4,spain
Estonie,artificial intelligence,5,estonia
Eswatini,artificial intelligence,19,eswatini
Fidji,artificial intelligence,8,fidji
Finlande,artificial intelligence,4,finland
France,artificial intelligence,3,france
Gabon,artificial intelligence,3,gabon
Gambie,artificial intelligence,8,gambie
Ghana,artificial intelligence,12,ghana
Gibraltar,artificial intelligence,0,gibraltar
Grenade,artificial intelligence,10,grenade
Groenland,artificial intelligence,0,groenland
Grèce,artificial intelligence,5,greece
Guadeloupe,artificial intelligence,0,guadeloupe
Guam,artificial intelligence,5,guam
Guatemala,artificial intelligence,1,guatemala
Guernesey,artificial intelligence,4,guernesey
Guinée,artificial intelligence,2,guinee
Guinée équatoriale,artificial intelligence,0,guinee equatoriale
Guinée-Bissau,artificial intelligence,0,guinee-bissau
Guyana,artificial intelligence,9,guyana
Guyane française,artificial intelligence,0,guyane francaise
Géorgie,artificial intelligence,5,georgie
Géorgie du Sud-et-les Îles Sandwich du Sud,artificial intelligence,0,georgie du sud-et-les iles sandwich du sud
Haïti,artificial intelligence,2,haiti
Honduras,artificial intelligence,2,honduras
Hong Kong,artificial intelligence,8,hong kong
Hongrie,artificial intelligence,3,hungary
Inde,artificial intelligence,13,india
Indonésie,artificial intelligence,4,indonesia
Irak,artificial intelligence,8,irak
Iran,artificial intelligence,3,iran
Irlande,artificial intelligence,6,ireland
Islande,artificial intelligence,6,iceland
Israël,artificial intelligence,5,israel
Italie,artificial intelligence,5,italy
Jamaïque,artificial intelligence,7,jamaique
Japon,artificial intelligence,2,japan
Jersey,artificial intelligence,4,jersey
Jordanie,artificial intelligence,8,jordanie
Kazakhstan,artificial intelligence,4,kazakhstan
Kenya,artificial intelligence,11,kenya
Kirghizstan,artificial intelligence,2,kirghizstan
Kiribati,artificial intelligence,0,kiribati
Kosovo,artificial intelligence,9,kosovo
Koweït,artificial intelligence,5,koweit
La Réunion,artificial intelligence,1,la reunion
Laos,artificial intelligence,5,laos
Lesotho,artificial intelligence,17,lesotho
Lettonie,artificial intelligence,5,lettonie
Liban,artificial intelligence,9,liban
Liberia,artificial intelligence,10,liberia
Libye,artificial intelligence,5,libye
Liechtenstein,artificial intelligence,6,liechtenstein
Lituanie,artificial intelligence,6,lituanie
Luxembourg,artificial intelligence,7,luxembourg
Macao,artificial intelligence,6,macao
Macédoine du Nord,artificial intelligence,6,macedoine du nord
Madagascar,artificial intelligence,4,madagascar
Malaisie,artificial intelligence,8,malaysia
Malawi,artificial intelligence,13,malawi
Maldives,artificial intelligence,7,maldives
Mali,artificial intelligence,1,mali
Malte,artificial intelligence,8,malte
Maroc,artificial intelligence,6,morocco
Martinique,artificial intelligence,2,martinique
Maurice,artificial intelligence,9,maurice
Mauritanie,artificial intelligence,3,mauritanie
Mayotte,artificial intelligence,0,mayotte
Mexique,artificial intelligence,2,mexico
Micronésie,artificial intelligence,0,micronesie
Moldavie,artificial intelligence,3,moldavie
Monaco,artificial intelligence,0,monaco
Mongolie,artificial intelligence,8,mongolie
Montserrat,artificial intelligence,0,montserrat
Monténégro,artificial intelligence,4,montenegro
Mozambique,artificial intelligence,2,mozambique
Myanmar (Birmanie),artificial intelligence,5,myanmar (birmanie)
Namibie,artificial intelligence,11,namibie
Nauru,artificial intelligence,0,nauru
Nicaragua,artificial intelligence,2,nicaragua
Niger,artificial intelligence,2,niger
Nigeria,artificial intelligence,14,nigeria
Niue,artificial intelligence,0,niue
Norvège,artificial intelligence,4,norway
Nouvelle-Calédonie,artificial intelligence,0,nouvelle-caledonie
Nouvelle-Zélande,artificial intelligence,4,new zealand
Népal,artificial intelligence,10,nepal
Oman,artificial intelligence,8,oman
Ouganda,artificial intelligence,9,ouganda
Ouzbékistan,artificial intelligence,6,ouzbekistan
Pakistan,artificial intelligence,14,pakistan
Palaos,artificial intelligence,0,palaos
Palestine,artificial intelligence,8,palestine
Panama,artificial intelligence,3,panama
Papouasie-Nouvelle-Guinée,artificial intelligence,25,papouasie-nouvelle-guinee
Paraguay,artificial intelligence,2,paraguay
Pays-Bas,artificial intelligence,6,netherlands
Pays-Bas caribéens,artificial intelligence,0,pays-bas caribeens
Philippines,artificial intelligence,11,philippines
Pologne,artificial intelligence,2,poland
Polynésie française,artificial intelligence,0,polynesie francaise
Porto Rico,artificial intelligence,4,porto rico
Portugal,artificial intelligence,5,portugal
Pérou,artificial intelligence,3,peru
Qatar,artificial intelligence,8,qatar
Roumanie,artificial intelligence,4,romania
Royaume-Uni,artificial intelligence,6,united kingdom
Russie,artificial intelligence,2,russia
Rwanda,artificial intelligence,18,rwanda
République centrafricaine,artificial intelligence,0,republique centrafricaine
République dominicaine,artificial intelligence,2,republique dominicaine
Sahara occidental,artificial intelligence,6,sahara occidental
Saint-Barthélemy,artificial intelligence,0,saint-barthelemy
Saint-Christophe-et-Niévès,artificial intelligence,0,saint-christophe-et-nieves
Saint-Marin,artificial intelligence,0,saint-marin
Saint-Martin,artificial intelligence,0,saint-martin
Saint-Martin (partie néerlandaise),artificial intelligence,0,saint-martin (partie neerlandaise)
Saint-Pierre-et-Miquelon,artificial intelligence,0,saint-pierre-et-miquelon
Saint-Vincent-et-les Grenadines,artificial intelligence,7,saint-vincent-et-les grenadines
Sainte-Hélène,artificial intelligence,22,sainte-helene
Sainte-Lucie,artificial intelligence,6,sainte-lucie
Salvador,artificial intelligence,2,salvador
Samoa,artificial intelligence,0,samoa
Samoa américaines,artificial intelligence,0,samoa americaines
Sao Tomé-et-Principe,artificial intelligence,0,sao tome-et-principe
Serbie,artificial intelligence,4,serbie
Seychelles,artificial intelligence,0,seychelles
Sierra Leone,artificial intelligence,11,sierra leone
Singapour,artificial intelligence,13,singapore
Slovaquie,artificial intelligence,3,slovakia
Slovénie,artificial intelligence,5,slovenia
Somalie,artificial intelligence,10,somalie
Soudan,artificial intelligence,4,soudan
Soudan du Sud,artificial intelligence,15,soudan du sud
Sri Lanka,artificial intelligence,10,sri lanka
Suisse,artificial intelligence,5,switzerland
Suriname,artificial intelligence,5,suriname
Suède,artificial intelligence,3,sweden
Svalbard et Jan Mayen,artificial intelligence,0,svalbard et jan mayen
Syrie,artificial intelligence,2,syrie
Sénégal,artificial intelligence,3,senegal
Tadjikistan,artificial intelligence,2,tadjikistan
Tanzanie,artificial intelligence,10,tanzanie
Taïwan,artificial intelligence,4,taiwan
Tchad,artificial intelligence,3,tchad
Tchéquie,artificial intelligence,4,czechia
Terres australes françaises,artificial intelligence,0,terres australes francaises
Territoire britannique de l’océan Indien,artificial intelligence,0,territoire britannique de locean indien
Thaïlande,artificial intelligence,3,thailand
Timor oriental,artificial intelligence,6,timor oriental
Togo,artificial intelligence,5,togo
Tokelau,artificial intelligence,0,tokelau
Tonga,artificial intelligence,17,tonga
Trinité-et-Tobago,artificial intelligence,9,trinite-et-tobago
Tunisie,artificial intelligence,6,tunisia
Turkménistan,artificial intelligence,1,turkmenistan
Turquie,artificial intelligence,3,turkey
Tuvalu,artificial intelligence,0,tuvalu
Ukraine,artificial intelligence,2,ukraine
Uruguay,artificial intelligence,2,uruguay
Vanuatu,artificial intelligence,0,vanuatu
Venezuela,artificial intelligence,1,venezuela
Viêt Nam,artificial intelligence,5,viet nam
Wallis-et-Futuna,artificial intelligence,0,wallis-et-futuna
Yémen,artificial intelligence,6,yemen
Zambie,artificial intelligence,8,zambie
Zimbabwe,artificial intelligence,20,zimbabwe
Égypte,artificial intelligence,6,egypt
Émirats arabes unis,artificial intelligence,11,united arab emirates
Équateur,artificial intelligence,3,equateur
Érythrée,artificial intelligence,100,erythree
État de la Cité du Vatican,artificial intelligence,0,etat de la cite du vatican
États-Unis,artificial intelligence,10,united states
Éthiopie,artificial intelligence,23,ethiopie
Île Bouvet,artificial intelligence,0,ile bouvet
Île Christmas,artificial intelligence,0,ile christmas
Île Norfolk,artificial intelligence,0,ile norfolk
Île de Man,artificial intelligence,5,ile de man
Îles Caïmans,artificial intelligence,6,iles caimans
Îles Cocos,artificial intelligence,0,iles cocos
Îles Cook,artificial intelligence,26,iles cook
Îles Féroé,artificial intelligence,0,iles feroe
Îles Heard-et-MacDonald,artificial intelligence,0,iles heard-et-macdonald
Îles Malouines (Îles Falkland),artificial intelligence,0,iles malouines (iles falkland)
Îles Mariannes du Nord,artificial intelligence,0,iles mariannes du nord
Îles Marshall,artificial intelligence,0,iles marshall
Îles Pitcairn,artificial intelligence,0,iles pitcairn
Îles Salomon,artificial intelligence,15,iles salomon
Îles Turques-et-Caïques,artificial intelligence,0,iles turques-et-caiques
Îles Vierges britanniques,artificial intelligence,0,iles vierges britanniques
Îles Vierges des États-Unis,artificial intelligence,6,iles vierges des etats-unis
Îles mineures éloignées des États-Unis,artificial intelligence,0,iles mineures eloignees des etats-unis
Îles Åland,artificial intelligence,0,iles aland
Afghanistan,crypto,23,afghanistan
Afrique du Sud,crypto,22,south africa
Albanie,crypto,39,albania
Algérie,crypto,11,algeria
Allemagne,crypto,20,germany
Andorre,crypto,43,andorre
Angola,crypto,8,angola
Anguilla,crypto,0,anguilla
Antarctique,crypto,0,antarctique
Antigua-et-Barbuda,crypto,28,antigua-et-barbuda
Arabie saoudite,crypto,11,saudi arabia
Argentine,crypto,10,argentina
Arménie,crypto,23,armenia
Aruba,crypto,34,aruba
Australie,crypto,40,australia
Autriche,crypto,19,austria
Azerbaïdjan,crypto,14,azerbaidjan
Bahamas,crypto,36,bahamas
Bahreïn,crypto,27,bahrein
Bangladesh,crypto,19,bangladesh
Barbade,crypto,28,barbade
Belgique,crypto,42,belgium
Belize,crypto,15,belize
Bermudes,crypto,54,bermudes
Bhoutan,crypto,32,bhoutan
Biélorussie,crypto,6,belarus
Bolivie,crypto,8,bolivia
Bosnie-Herzégovine,crypto,17,bosnie-herzegovine
Botswana,crypto,20,botswana
Brunei,crypto,14,brunei
Brésil,crypto,7,brazil
Bulgarie,crypto,26,bulgaria
Burkina Faso,crypto,38,burkina faso
Burundi,crypto,29,burundi
Bénin,crypto,47,benin
Cambodge,crypto,55,cambodia
Cameroun,crypto,24,cameroon
Canada,crypto,36,canada
Cap-Vert,crypto,18,cap-vert
Chili,crypto,6,chile
Chine,crypto,28,china
Chypre,crypto,48,chypre
Colombie,crypto,6,colombia
Comores,crypto,0,comores
Congo-Brazzaville,crypto,22,congo-brazzaville
Congo-Kinshasa,crypto,8,congo-kinshasa
Corée du Nord,crypto,0,coree du nord
Corée du Sud,crypto,20,south korea
Costa Rica,crypto,10,costa rica
Croatie,crypto,26,croatia
Cuba,crypto,5,cuba
Curaçao,crypto,38,curacao
Côte d’Ivoire,crypto,19,cote divoire
Danemark,crypto,18,denmark
Djibouti,crypto,27,djibouti
Dominique,crypto,29,dominique
Espagne,crypto,16,spain
Estonie,crypto,33,estonia
Eswatini,crypto,23,eswatini
Fidji,crypto,13,fidji
Finlande,crypto,23,finland
France,crypto,28,france
Gabon,crypto,18,gabon
Gambie,crypto,16,gambie
Ghana,crypto,30,ghana
Gibraltar,crypto,83,gibraltar
Grenade,crypto,20,grenade
Groenland,crypto,21,groenland
Grèce,crypto,20,greece
Guadeloupe,crypto,31,guadeloupe
Guam,crypto,29,guam
Guatemala,crypto,4,guatemala
Guernesey,crypto,46,guernesey
Guinée,crypto,13,guinee
Guinée équatoriale,crypto,13,guinee equatoriale
Guinée-Bissau,crypto,5,guinee-bissau
Guyana,crypto,15,guyana
Guyane française,crypto,30,guyane francaise
Géorgie,crypto,26,georgie
Géorgie du Sud-et-les Îles Sandwich du Sud,crypto,0,georgie du sud-et-les iles sandwich du sud
Haïti,crypto,11,haiti
Honduras,crypto,5,honduras
Hong Kong,crypto,26,hong kong
Hongrie,crypto,16,hungary
Inde,crypto,18,india
Indonésie,crypto,23,indonesia
Irak,crypto,14,irak
Iran,crypto,6,iran
Irlande,crypto,31,ireland
Islande,crypto,27,iceland
Israël,crypto,20,israel
Italie,crypto,16,italy
Jamaïque,crypto,22,jamaique
Japon,crypto,4,japan
Jersey,crypto,57,jersey
Jordanie,crypto,14,jordanie
Kazakhstan,crypto,7,kazakhstan
Kenya,crypto,32,kenya
Kirghizstan,crypto,8,kirghizstan
Kiribati,crypto,0,kiribati
Kosovo,crypto,56,kosovo
Koweït,crypto,16,koweit
La Réunion,crypto,21,la reunion
Laos,crypto,33,laos
Lesotho,crypto,18,lesotho
Lettonie,crypto,37,lettonie
Liban,crypto,27,liban
Liberia,crypto,13,liberia
Libye,crypto,9,libye
Liechtenstein,crypto,40,liechtenstein
Lituanie,crypto,35,lituanie
Luxembourg,crypto,41,luxembourg
Macao,crypto,11,macao
Macédoine du Nord,crypto,43,macedoine du nord
Madagascar,crypto,39,madagascar
Malaisie,crypto,21,malaysia
Malawi,crypto,15,malawi
Maldives,crypto,42,maldives
Mali,crypto,8,mali
Malte,crypto,54,malte
Maroc,crypto,21,morocco
Martinique,crypto,24,martinique
Maurice,crypto,28,maurice
Mauritanie,crypto,12,mauritanie
Mayotte,crypto,15,mayotte
Mexique,crypto,6,mexico
Micronésie,crypto,23,micronesie
Moldavie,crypto,21,moldavie
Monaco,crypto,0,monaco
Mongolie,crypto,16,mongolie
Montserrat,crypto,0,montserrat
Monténégro,crypto,22,montenegro
Mozambique,crypto,6,mozambique
Myanmar (Birmanie),crypto,29,myanmar (birmanie)
Namibie,crypto,25,namibie
Nauru,crypto,0,nauru
Nicaragua,crypto,5,nicaragua
Niger,crypto,20,niger
Nigeria,crypto,79,nigeria
Niue,crypto,0,niue
Norvège,crypto,25,norway
Nouvelle-Calédonie,crypto,49,nouvelle-caledonie
Nouvelle-Zélande,crypto,33,new zealand
Népal,crypto,18,nepal
Oman,crypto,15,oman
Ouganda,crypto,16,ouganda
Ouzbékistan,crypto,12,ouzbekistan
Pakistan,crypto,41,pakistan
Palaos,crypto,21,palaos
Palestine,crypto,11,palestine
Panama,crypto,12,panama
Papouasie-Nouvelle-Guinée,crypto,17,papouasie-nouvelle-guinee
Paraguay,crypto,8,paraguay
Pays-Bas,crypto,67,netherlands
Pays-Bas caribéens,crypto,30,pays-bas caribeens
Philippines,crypto,21,philippines
Pologne,crypto,13,poland
Polynésie française,crypto,56,polynesie francaise
Porto Rico,crypto,17,porto rico
Portugal,crypto,25,portugal
Pérou,crypto,5,peru
Qatar,crypto,21,qatar
Roumanie,crypto,26,romania
Royaume-Uni,crypto,30,united kingdom
Russie,crypto,8,russia
Rwanda,crypto,17,rwanda
République centrafricaine,crypto,9,republique centrafricaine
République dominicaine,crypto,8,republique dominicaine
Sahara occidental,crypto,13,sahara occidental
Saint-Barthélemy,crypto,37,saint-barthelemy
Saint-Christophe-et-Niévès,crypto,27,saint-christophe-et-nieves
Saint-Marin,crypto,23,saint-marin
Saint-Martin,crypto,59,saint-martin
Saint-Martin (partie néerlandaise),crypto,44,saint-martin (partie neerlandaise)
Saint-Pierre-et-Miquelon,crypto,0,saint-pierre-et-miquelon
Saint-Vincent-et-les Grenadines,crypto,34,saint-vincent-et-les grenadines
Sainte-Hélène,crypto,69,sainte-helene
Sainte-Lucie,crypto,38,sainte-lucie
Salvador,crypto,6,salvador
Samoa,crypto,11,samoa
Samoa américaines,crypto,27,samoa americaines
Sao Tomé-et-Principe,crypto,0,sao tome-et-principe
Serbie,crypto,20,serbie
Seychelles,crypto,22,seychelles
Sierra Leone,crypto,16,sierra leone
Singapour,crypto,58,singapore
Slovaquie,crypto,17,slovakia
Slovénie,crypto,42,slovenia
Somalie,crypto,71,somalie
Soudan,crypto,5,soudan
Soudan du Sud,crypto,16,soudan du sud
Sri Lanka,crypto,28,sri lanka
Suisse,crypto,36,switzerland
Suriname,crypto,34,suriname
Suède,crypto,19,sweden
Svalbard et Jan Mayen,crypto,56,svalbard et jan mayen
Syrie,crypto,6,syrie
Sénégal,crypto,15,senegal
Tadjikistan,crypto,7,tadjikistan
Tanzanie,crypto,10,tanzanie
Taïwan,crypto,8,taiwan
Tchad,crypto,9,tchad
Tchéquie,crypto,16,czechia
Terres australes françaises,crypto,0,terres australes francaises
Territoire britannique de l’océan Indien,crypto,0,territoire britannique de locean indien
Thaïlande,crypto,13,thailand
Timor oriental,crypto,10,timor oriental
Togo,crypto,37,togo
Tokelau,crypto,0,tokelau
Tonga,crypto,29,tonga
Trinité-et-Tobago,crypto,30,trinite-et-tobago
Tunisie,crypto,18,tunisia
Turkménistan,crypto,5,turkmenistan
Turquie,crypto,6,turkey
Tuvalu,crypto,0,tuvalu
Ukraine,crypto,10,ukraine
Uruguay,crypto,10,uruguay
Vanuatu,crypto,19,vanuatu
Venezuela,crypto,8,venezuela
Viêt Nam,crypto,14,viet nam
Wallis-et-Futuna,crypto,0,wallis-et-futuna
Yémen,crypto,8,yemen
Zambie,crypto,10,zambie
Zimbabwe,crypto,21,zimbabwe
Égypte,crypto,7,egypt
Émirats arabes unis,crypto,49,united arab emirates
Équateur,crypto,6,equateur
Érythrée,crypto,0,erythree
État de la Cité du Vatican,crypto,0,etat de la cite du vatican
États-Unis,crypto,34,united states
Éthiopie,crypto,33,ethiopie
Île Bouvet,crypto,0,ile bouvet
Île Christmas,crypto,0,ile christmas
Île Norfolk,crypto,0,ile norfolk
Île de Man,crypto,49,ile de man
Îles Caïmans,crypto,100,iles caimans
Îles Cocos,crypto,0,iles cocos
Îles Cook,crypto,27,iles cook
Îles Féroé,crypto,26,iles feroe
Îles Heard-et-MacDonald,crypto,0,iles heard-et-macdonald
Îles Malouines (Îles Falkland),crypto,0,iles malouines (iles falkland)
Îles Mariannes du Nord,crypto,21,iles mariannes du nord
Îles Marshall,crypto,28,iles marshall
Îles Pitcairn,crypto,0,iles pitcairn
Îles Salomon,crypto,10,iles salomon
Îles Turques-et-Caïques,crypto,29,iles turques-et-caiques
Îles Vierges britanniques,crypto,63,iles vierges britanniques
Îles Vierges des États-Unis,crypto,38,iles vierges des etats-unis
Îles mineures éloignées des États-Unis,crypto,0,iles mineures eloignees des etats-unis
Îles Åland,crypto,28,iles aland
Afghanistan,Netflix,9,afghanistan
Afrique du Sud,Netflix,75,south africa
Albanie,Netflix,40,albania
Algérie,Netflix,19,algeria
Allemagne,Netflix,46,germany
Andorre,Netflix,67,andorre
Angola,Netflix,42,angola
Anguilla,Netflix,70,anguilla
Antarctique,Netflix,0,antarctique
Antigua-et-Barbuda,Netflix,62,antigua-et-barbuda
Arabie saoudite,Netflix,20,saudi arabia
Argentine,Netflix,78,argentina
Arménie,Netflix,11,armenia
Aruba,Netflix,69,aruba
Australie,Netflix,58,australia
Autriche,Netflix,47,austria
Azerbaïdjan,Netflix,20,azerbaidjan
Bahamas,Netflix,64,bahamas
Bahreïn,Netflix,35,bahrein
Bangladesh,Netflix,14,bangladesh
Barbade,Netflix,56,barbade
Belgique,Netflix,60,belgium
Belize,Netflix,54,belize
Bermudes,Netflix,69,bermudes
Bhoutan,Netflix,46,bhoutan
Biélorussie,Netflix,2,belarus
Bolivie,Netflix,48,bolivia
Bosnie-Herzégovine,Netflix,38,bosnie-herzegovine
Botswana,Netflix,93,botswana
Brunei,Netflix,67,brunei
Brésil,Netflix,56,brazil
Bulgarie,Netflix,19,bulgaria
Burkina Faso,Netflix,20,burkina faso
Burundi,Netflix,28,burundi
Bénin,Netflix,35,benin
Cambodge,Netflix,24,cambodia
Cameroun,Netflix,25,cameroon
Canada,Netflix,59,canada
Cap-Vert,Netflix,67,cap-vert
Chili,Netflix,66,chile
Chine,Netflix,25,china
Chypre,Netflix,58,chypre
Colombie,Netflix,67,colombia
Comores,Netflix,39,comores
Congo-Brazzaville,Netflix,39,congo-brazzaville
Congo-Kinshasa,Netflix,16,congo-kinshasa
Corée du Nord,Netflix,0,coree du nord
Corée du Sud,Netflix,16,south korea
Costa Rica,Netflix,59,costa rica
Croatie,Netflix,54,croatia
Cuba,Netflix,38,cuba
Curaçao,Netflix,69,curacao
Côte d’Ivoire,Netflix,42,cote divoire
Danemark,Netflix,48,denmark
Djibouti,Netflix,56,djibouti
Dominique,Netflix,65,dominique
Espagne,Netflix,62,spain
Estonie,Netflix,29,estonia
Eswatini,Netflix,39,eswatini
Fidji,Netflix,63,fidji
Finlande,Netflix,39,finland
France,Netflix,59,france
Gabon,Netflix,54,gabon
Gambie,Netflix,24,gambie
Ghana,Netflix,36,ghana
Gibraltar,Netflix,72,gibraltar
Grenade,Netflix,63,grenade
Groenland,Netflix,56,groenland
Grèce,Netflix,51,greece
Guadeloupe,Netflix,70,guadeloupe
Guam,Netflix,58,guam
Guatemala,Netflix,48,guatemala
Guernesey,Netflix,64,guernesey
Guinée,Netflix,21,guinee
Guinée équatoriale,Netflix,42,guinee equatoriale
Guinée-Bissau,Netflix,24,guinee-bissau
Guyana,Netflix,53,guyana
Guyane française,Netflix,74,guyane francaise
Géorgie,Netflix,20,georgie
Géorgie du Sud-et-les Îles Sandwich du Sud,Netflix,0,georgie du sud-et-les iles sandwich du sud
Haïti,Netflix,35,haiti
Honduras,Netflix,54,honduras
Hong Kong,Netflix,42,hong kong
Hongrie,Netflix,62,hungary
Inde,Netflix,34,india
Indonésie,Netflix,30,indonesia
Irak,Netflix,10,irak
Iran,Netflix,1,iran
Irlande,Netflix,67,ireland
Islande,Netflix,58,iceland
Israël,Netflix,30,israel
Italie,Netflix,49,italy
Jamaïque,Netflix,66,jamaique
Japon,Netflix,12,japan
Jersey,Netflix,63,jersey
Jordanie,Netflix,19,jordanie
Kazakhstan,Netflix,5,kazakhstan
Kenya,Netflix,49,kenya
Kirghizstan,Netflix,4,kirghizstan
Kiribati,Netflix,75,kiribati
Kosovo,Netflix,43,kosovo
Koweït,Netflix,31,koweit
La Réunion,Netflix,83,la reunion
Laos,Netflix,28,laos
Lesotho,Netflix,38,lesotho
Lettonie,Netflix,24,lettonie
Liban,Netflix,41,liban
Liberia,Netflix,21,liberia
Libye,Netflix,9,libye
Liechtenstein,Netflix,40,liechtenstein
Lituanie,Netflix,30,lituanie
Luxembourg,Netflix,57,luxembourg
Macao,Netflix,40,macao
Macédoine du Nord,Netflix,45,macedoine du nord
Madagascar,Netflix,58,madagascar
Malaisie,Netflix,55,malaysia
Malawi,Netflix,32,malawi
Maldives,Netflix,64,maldives
Mali,Netflix,16,mali
Malte,Netflix,70,malte
Maroc,Netflix,39,morocco
Martinique,Netflix,72,martinique
Maurice,Netflix,72,maurice
Mauritanie,Netflix,23,mauritanie
Mayotte,Netflix,77,mayotte
Mexique,Netflix,64,mexico
Micronésie,Netflix,71,micronesie
Moldavie,Netflix,15,moldavie
Monaco,Netflix,0,monaco
Mongolie,Netflix,32,mongolie
Montserrat,Netflix,64,montserrat
Monténégro,Netflix,40,montenegro
Mozambique,Netflix,41,mozambique
Myanmar (Birmanie),Netflix,17,myanmar (birmanie)
Namibie,Netflix,85,namibie
Nauru,Netflix,0,nauru
Nicaragua,Netflix,48,nicaragua
Niger,Netflix,18,niger
Nigeria,Netflix,34,nigeria
Niue,Netflix,0,niue
Norvège,Netflix,47,norway
Nouvelle-Calédonie,Netflix,78,nouvelle-caledonie
Nouvelle-Zélande,Netflix,66,new zealand
Népal,Netflix,33,nepal
Oman,Netflix,25,oman
Ouganda,Netflix,24,ouganda
Ouzbékistan,Netflix,7,ouzbekistan
Pakistan,Netflix,47,pakistan
Palaos,Netflix,89,palaos
Palestine,Netflix,14,palestine
Panama,Netflix,49,panama
Papouasie-Nouvelle-Guinée,Netflix,43,papouasie-nouvelle-guinee
Paraguay,Netflix,49,paraguay
Pays-Bas,Netflix,51,netherlands
Pays-Bas caribéens,Netflix,71,pays-bas caribeens
Philippines,Netflix,56,philippines
Pologne,Netflix,56,poland
Polynésie française,Netflix,64,polynesie francaise
Porto Rico,Netflix,63,porto rico
Portugal,Netflix,61,portugal
Pérou,Netflix,67,peru
Qatar,Netflix,36,qatar
Roumanie,Netflix,68,romania
Royaume-Uni,Netflix,59,united kingdom
Russie,Netflix,2,russia
Rwanda,Netflix,37,rwanda
République centrafricaine,Netflix,11,republique centrafricaine
République dominicaine,Netflix,63,republique dominicaine
Sahara occidental,Netflix,30,sahara occidental
Saint-Barthélemy,Netflix,70,saint-barthelemy
Saint-Christophe-et-Niévès,Netflix,64,saint-christophe-et-nieves
Saint-Marin,Netflix,49,saint-marin
Saint-Martin,Netflix,90,saint-martin
Saint-Martin (partie néerlandaise),Netflix,78,saint-martin (partie neerlandaise)
Saint-Pierre-et-Miquelon,Netflix,98,saint-pierre-et-miquelon
Saint-Vincent-et-les Grenadines,Netflix,59,saint-vincent-et-les grenadines
Sainte-Hélène,Netflix,19,sainte-helene
Sainte-Lucie,Netflix,70,sainte-lucie
Salvador,Netflix,56,salvador
Samoa,Netflix,52,samoa
Samoa américaines,Netflix,99,samoa americaines
Sao Tomé-et-Principe,Netflix,64,sao tome-et-principe
Serbie,Netflix,41,serbie
Seychelles,Netflix,74,seychelles
Sierra Leone,Netflix,29,sierra leone
Singapour,Netflix,52,singapore
Slovaquie,Netflix,43,slovakia
Slovénie,Netflix,40,slovenia
Somalie,Netflix,27,somalie
Soudan,Netflix,5,soudan
Soudan du Sud,Netflix,25,soudan du sud
Sri Lanka,Netflix,30,sri lanka
Suisse,Netflix,54,switzerland
Suriname,Netflix,43,suriname
Suède,Netflix,48,sweden
Svalbard et Jan Mayen,Netflix,38,svalbard et jan mayen
Syrie,Netflix,3,syrie
Sénégal,Netflix,44,senegal
Tadjikistan,Netflix,3,tadjikistan
Tanzanie,Netflix,25,tanzanie
Taïwan,Netflix,54,taiwan
Tchad,Netflix,10,tchad
Tchéquie,Netflix,48,czechia
Terres australes françaises,Netflix,0,terres australes francaises
Territoire britannique de l’océan Indien,Netflix,0,territoire britannique de locean indien
Thaïlande,Netflix,51,thailand
Timor oriental,Netflix,16,timor oriental
Togo,Netflix,40,togo
Tokelau,Netflix,0,tokelau
Tonga,Netflix,55,tonga
Trinité-et-Tobago,Netflix,63,trinite-et-tobago
Tunisie,Netflix,30,tunisia
Turkménistan,Netflix,4,turkmenistan
Turquie,Netflix,43,turkey
Tuvalu,Netflix,100,tuvalu
Ukraine,Netflix,6,ukraine
Uruguay,Netflix,76,uruguay
Vanuatu,Netflix,49,vanuatu
Venezuela,Netflix,42,venezuela
Viêt Nam,Netflix,14,viet nam
Wallis-et-Futuna,Netflix,0,wallis-et-futuna
Yémen,Netflix,6,yemen
Zambie,Netflix,40,zambie
Zimbabwe,Netflix,51,zimbabwe
Égypte,Netflix,13,egypt
Émirats arabes unis,Netflix,43,united arab emirates
Équateur,Netflix,55,equateur
Érythrée,Netflix,0,erythree
État de la Cité du Vatican,Netflix,0,etat de la cite du vatican
États-Unis,Netflix,55,united states
Éthiopie,Netflix,17,ethiopie
Île Bouvet,Netflix,0,ile bouvet
Île Christmas,Netflix,0,ile christmas
Île Norfolk,Netflix,0,ile norfolk
Île de Man,Netflix,55,ile de man
Îles Caïmans,Netflix,67,iles caimans
Îles Cocos,Netflix,0,iles cocos
Îles Cook,Netflix,74,iles cook
Îles Féroé,Netflix,56,iles feroe
Îles Heard-et-MacDonald,Netflix,0,iles heard-et-macdonald
Îles Malouines (Îles Falkland),Netflix,70,iles malouines (iles falkland)
Îles Mariannes du Nord,Netflix,64,iles mariannes du nord
Îles Marshall,Netflix,64,iles marshall
Îles Pitcairn,Netflix,0,iles pitcairn
Îles Salomon,Netflix,43,iles salomon
Îles Turques-et-Caïques,Netflix,73,iles turques-et-caiques
Îles Vierges britanniques,Netflix,55,iles vierges britanniques
Îles Vierges des États-Unis,Netflix,61,iles vierges des etats-unis
Îles mineures éloignées des États-Unis,Netflix,0,iles mineures eloignees des etats-unis
Îles Åland,Netflix,47,iles aland
Afghanistan,Tesla,5,afghanistan
Afrique du Sud,Tesla,10,south africa
Albanie,Tesla,16,albania
Algérie,Tesla,4,algeria
Allemagne,Tesla,35,germany
Andorre,Tesla,36,andorre
Angola,Tesla,7,angola
Anguilla,Tesla,0,anguilla
Antarctique,Tesla,0,antarctique
Antigua-et-Barbuda,Tesla,14,antigua-et-barbuda
Arabie saoudite,Tesla,6,saudi arabia
Argentine,Tesla,8,argentina
Arménie,Tesla,34,armenia
Aruba,Tesla,22,aruba
Australie,Tesla,37,australia
Autriche,Tesla,44,austria
Azerbaïdjan,Tesla,15,azerbaidjan
Bahamas,Tesla,22,bahamas
Bahreïn,Tesla,11,bahrein
Bangladesh,Tesla,4,bangladesh
Barbade,Tesla,17,barbade
Belgique,Tesla,43,belgium
Belize,Tesla,13,belize
Bermudes,Tesla,34,bermudes
Bhoutan,Tesla,9,bhoutan
Biélorussie,Tesla,7,belarus
Bolivie,Tesla,6,bolivia
Bosnie-Herzégovine,Tesla,25,bosnie-herzegovine
Botswana,Tesla,10,botswana
Brunei,Tesla,10,brunei
Brésil,Tesla,7,brazil
Bulgarie,Tesla,19,bulgaria
Burkina Faso,Tesla,7,burkina faso
Burundi,Tesla,8,burundi
Bénin,Tesla,9,benin
Cambodge,Tesla,9,cambodia
Cameroun,Tesla,7,cameroon
Canada,Tesla,60,canada
Cap-Vert,Tesla,12,cap-vert
Chili,Tesla,12,chile
Chine,Tesla,27,china
Chypre,Tesla,18,chypre
Colombie,Tesla,11,colombia
Comores,Tesla,6,comores
Congo-Brazzaville,Tesla,7,congo-brazzaville
Congo-Kinshasa,Tesla,7,congo-kinshasa
Corée du Nord,Tesla,0,coree du nord
Corée du Sud,Tesla,13,south korea
Costa Rica,Tesla,11,costa rica
Croatie,Tesla,34,croatia
Cuba,Tesla,8,cuba
Curaçao,Tesla,23,curacao
Côte d’Ivoire,Tesla,8,cote divoire
Danemark,Tesla,89,denmark
Djibouti,Tesla,15,djibouti
Dominique,Tesla,10,dominique
Espagne,Tesla,25,spain
Estonie,Tesla,34,estonia
Eswatini,Tesla,8,eswatini
Fidji,Tesla,9,fidji
Finlande,Tesla,47,finland
France,Tesla,28,france
Gabon,Tesla,7,gabon
Gambie,Tesla,6,gambie
Ghana,Tesla,8,ghana
Gibraltar,Tesla,25,gibraltar
Grenade,Tesla,18,grenade
Groenland,Tesla,21,groenland
Grèce,Tesla,17,greece
Guadeloupe,Tesla,11,guadeloupe
Guam,Tesla,17,guam
Guatemala,Tesla,6,guatemala
Guernesey,Tesla,27,guernesey
Guinée,Tesla,9,guinee
Guinée équatoriale,Tesla,10,guinee equatoriale
Guinée-Bissau,Tesla,3,guinee-bissau
Guyana,Tesla,10,guyana
Guyane française,Tesla,8,guyane francaise
Géorgie,Tesla,26,georgie
Géorgie du Sud-et-les Îles Sandwich du Sud,Tesla,0,georgie du sud-et-les iles sandwich du sud
Haïti,Tesla,5,haiti
Honduras,Tesla,7,honduras
Hong Kong,Tesla,45,hong kong
Hongrie,Tesla,32,hungary
Inde,Tesla,8,india
Indonésie,Tesla,4,indonesia
Irak,Tesla,7,irak
Iran,Tesla,1,iran
Irlande,Tesla,30,ireland
Islande,Tesla,78,iceland
Israël,Tesla,23,israel
Italie,Tesla,26,italy
Jamaïque,Tesla,12,jamaique
Japon,Tesla,2,japan
Jersey,Tesla,32,jersey
Jordanie,Tesla,12,jordanie
Kazakhstan,Tesla,5,kazakhstan
Kenya,Tesla,9,kenya
Kirghizstan,Tesla,4,kirghizstan
Kiribati,Tesla,0,kiribati
Kosovo,Tesla,25,kosovo
Koweït,Tesla,8,koweit
La Réunion,Tesla,10,la reunion
Laos,Tesla,7,laos
Lesotho,Tesla,6,lesotho
Lettonie,Tesla,25,lettonie
Liban,Tesla,11,liban
Liberia,Tesla,7,liberia
Libye,Tesla,3,libye
Liechtenstein,Tesla,70,liechtenstein
Lituanie,Tesla,38,lituanie
Luxembourg,Tesla,54,luxembourg
Macao,Tesla,33,macao
Macédoine du Nord,Tesla,22,macedoine du nord
Madagascar,Tesla,9,madagascar
Malaisie,Tesla,21,malaysia
Malawi,Tesla,5,malawi
Maldives,Tesla,12,maldives
Mali,Tesla,4,mali
Malte,Tesla,20,malte
Maroc,Tesla,9,morocco
Martinique,Tesla,12,martinique
Maurice,Tesla,10,maurice
Mauritanie,Tesla,5,mauritanie
Mayotte,Tesla,12,mayotte
Mexique,Tesla,13,mexico
Micronésie,Tesla,12,micronesie
Moldavie,Tesla,16,moldavie
Monaco,Tesla,0,monaco
Mongolie,Tesla,12,mongolie
Montserrat,Tesla,0,montserrat
Monténégro,Tesla,32,montenegro
Mozambique,Tesla,5,mozambique
Myanmar (Birmanie),Tesla,5,myanmar (birmanie)
Namibie,Tesla,8,namibie
Nauru,Tesla,0,nauru
Nicaragua,Tesla,6,nicaragua
Niger,Tesla,6,niger
Nigeria,Tesla,10,nigeria
Niue,Tesla,0,niue
Norvège,Tesla,100,norway
Nouvelle-Calédonie,Tesla,8,nouvelle-caledonie
Nouvelle-Zélande,Tesla,31,new zealand
Népal,Tesla,11,nepal
Oman,Tesla,10,oman
Ouganda,Tesla,6,ouganda
Ouzbékistan,Tesla,9,ouzbekistan
Pakistan,Tesla,9,pakistan
Palaos,Tesla,11,palaos
Palestine,Tesla,7,palestine
Panama,Tesla,10,panama
Papouasie-Nouvelle-Guinée,Tesla,6,papouasie-nouvelle-guinee
Paraguay,Tesla,6,paraguay
Pays-Bas,Tesla,45,netherlands
Pays-Bas caribéens,Tesla,26,pays-bas caribeens
Philippines,Tesla,8,philippines
Pologne,Tesla,18,poland
Polynésie française,Tesla,18,polynesie francaise
Porto Rico,Tesla,28,porto rico
Portugal,Tesla,47,portugal
Pérou,Tesla,6,peru
Qatar,Tesla,19,qatar
Roumanie,Tesla,26,romania
Royaume-Uni,Tesla,33,united kingdom
Russie,Tesla,3,russia
Rwanda,Tesla,6,rwanda
République centrafricaine,Tesla,6,republique centrafricaine
République dominicaine,Tesla,9,republique dominicaine
Sahara occidental,Tesla,5,sahara occidental
Saint-Barthélemy,Tesla,11,saint-barthelemy
Saint-Christophe-et-Niévès,Tesla,13,saint-christophe-et-nieves
Saint-Marin,Tesla,37,saint-marin
Saint-Martin,Tesla,19,saint-martin
Saint-Martin (partie néerlandaise),Tesla,18,saint-martin (partie neerlandaise)
Saint-Pierre-et-Miquelon,Tesla,0,saint-pierre-et-miquelon
Saint-Vincent-et-les Grenadines,Tesla,10,saint-vincent-et-les grenadines
Sainte-Hélène,Tesla,21,sainte-helene
Sainte-Lucie,Tesla,15,sainte-lucie
Salvador,Tesla,7,salvador
Samoa,Tesla,6,samoa
Samoa américaines,Tesla,0,samoa americaines
Sao Tomé-et-Principe,Tesla,13,sao tome-et-principe
Serbie,Tesla,68,serbie
Seychelles,Tesla,15,seychelles
Sierra Leone,Tesla,8,sierra leone
Singapour,Tesla,43,singapore
Slovaquie,Tesla,32,slovakia
Slovénie,Tesla,41,slovenia
Somalie,Tesla,9,somalie
Soudan,Tesla,2,soudan
Soudan du Sud,Tesla,6,soudan du sud
Sri Lanka,Tesla,9,sri lanka
Suisse,Tesla,52,switzerland
Suriname,Tesla,10,suriname
Suède,Tesla,55,sweden
Svalbard et Jan Mayen,Tesla,0,svalbard et jan mayen
Syrie,Tesla,2,syrie
Sénégal,Tesla,6,senegal
Tadjikistan,Tesla,3,tadjikistan
Tanzanie,Tesla,5,tanzanie
Taïwan,Tesla,16,taiwan
Tchad,Tesla,6,tchad
Tchéquie,Tesla,35,czechia
Terres australes françaises,Tesla,0,terres australes francaises
Territoire britannique de l’océan Indien,Tesla,0,territoire britannique de locean indien
Thaïlande,Tesla,11,thailand
Timor oriental,Tesla,4,timor oriental
Togo,Tesla,12,togo
Tokelau,Tesla,0,tokelau
Tonga,Tesla,8,tonga
Trinité-et-Tobago,Tesla,14,trinite-et-tobago
Tunisie,Tesla,10,tunisia
Turkménistan,Tesla,7,turkmenistan
Turquie,Tesla,32,turkey
Tuvalu,Tesla,0,tuvalu
Ukraine,Tesla,13,ukraine
Uruguay,Tesla,10,uruguay
Vanuatu,Tesla,9,vanuatu
Venezuela,Tesla,6,venezuela
Viêt Nam,Tesla,6,viet nam
Wallis-et-Futuna,Tesla,0,wallis-et-futuna
Yémen,Tesla,2,yemen
Zambie,Tesla,6,zambie
Zimbabwe,Tesla,11,zimbabwe
Égypte,Tesla,4,egypt
Émirats arabes unis,Tesla,31,united arab emirates
Équateur,Tesla,7,equateur
Érythrée,Tesla,33,erythree
État de la Cité du Vatican,Tesla,0,etat de la cite du vatican
États-Unis,Tesla,60,united states
Éthiopie,Tesla,11,ethiopie
Île Bouvet,Tesla,0,ile bouvet
Île Christmas,Tesla,0,ile christmas
Île Norfolk,Tesla,0,ile norfolk
Île de Man,Tesla,28,ile de man
Îles Caïmans,Tesla,32,iles caimans
Îles Cocos,Tesla,0,iles cocos
Îles Cook,Tesla,0,iles cook
Îles Féroé,Tesla,42,iles feroe
Îles Heard-et-MacDonald,Tesla,0,iles heard-et-macdonald
Îles Malouines (Îles Falkland),Tesla,0,iles malouines (iles falkland)
Îles Mariannes du Nord,Tesla,11,iles mariannes du nord
Îles Marshall,Tesla,0,iles marshall
Îles Pitcairn,Tesla,0,iles pitcairn
Îles Salomon,Tesla,6,iles salomon
Îles Turques-et-Caïques,Tesla,27,iles turques-et-caiques
Îles Vierges britanniques,Tesla,21,iles vierges britanniques
Îles Vierges des États-Unis,Tesla,29,iles vierges des etats-unis
Îles mineures éloignées des États-Unis,Tesla,0,iles mineures eloignees des etats-unis
Îles Åland,Tesla,44,iles aland
Afghanistan,ChatGPT,24,afghanistan
Afrique du Sud,ChatGPT,27,south africa
Albanie,ChatGPT,39,albania
Algérie,ChatGPT,23,algeria
Allemagne,ChatGPT,13,germany
Andorre,ChatGPT,20,andorre
Angola,ChatGPT,27,angola
Anguilla,ChatGPT,24,anguilla
Antarctique,ChatGPT,0,antarctique
Antigua-et-Barbuda,ChatGPT,22,antigua-et-barbuda
Arabie saoudite,ChatGPT,10,saudi arabia
Argentine,ChatGPT,15,argentina
Arménie,ChatGPT,22,armenia
Aruba,ChatGPT,21,aruba
Australie,ChatGPT,16,australia
Autriche,ChatGPT,16,austria
Azerbaïdjan,ChatGPT,27,azerbaidjan
Bahamas,ChatGPT,19,bahamas
Bahreïn,ChatGPT,27,bahrein
Bangladesh,ChatGPT,35,bangladesh
Barbade,ChatGPT,20,barbade
Belgique,ChatGPT,21,belgium
Belize,ChatGPT,44,belize
Bermudes,ChatGPT,15,bermudes
Bhoutan,ChatGPT,100,bhoutan
Biélorussie,ChatGPT,1,belarus
Bolivie,ChatGPT,38,bolivia
Bosnie-Herzégovine,ChatGPT,20,bosnie-herzegovine
Botswana,ChatGPT,58,botswana
Brunei,ChatGPT,35,brunei
Brésil,ChatGPT,23,brazil
Bulgarie,ChatGPT,11,bulgaria
Burkina Faso,ChatGPT,17,burkina faso
Burundi,ChatGPT,30,burundi
Bénin,ChatGPT,26,benin
Cambodge,ChatGPT,35,cambodia
Cameroun,ChatGPT,11,cameroon
Canada,ChatGPT,18,canada
Cap-Vert,ChatGPT,66,cap-vert
Chili,ChatGPT,22,chile
Chine,ChatGPT,35,china
Chypre,ChatGPT,23,chypre
Colombie,ChatGPT,34,colombia
Comores,ChatGPT,26,comores
Congo-Brazzaville,ChatGPT,20,congo-brazzaville
Congo-Kinshasa,ChatGPT,8,congo-kinshasa
Corée du Nord,ChatGPT,0,coree du nord
Corée du Sud,ChatGPT,7,south korea
Costa Rica,ChatGPT,36,costa rica
Croatie,ChatGPT,14,croatia
Cuba,ChatGPT,4,cuba
Curaçao,ChatGPT,27,curacao
Côte d’Ivoire,ChatGPT,19,cote divoire
Danemark,ChatGPT,14,denmark
Djibouti,ChatGPT,44,djibouti
Dominique,ChatGPT,30,dominique
Espagne,ChatGPT,21,spain
Estonie,ChatGPT,18,estonia
Eswatini,ChatGPT,26,eswatini
Fidji,ChatGPT,67,fidji
Finlande,ChatGPT,9,finland
France,ChatGPT,12,france
Gabon,ChatGPT,20,gabon
Gambie,ChatGPT,17,gambie
Ghana,ChatGPT,22,ghana
Gibraltar,ChatGPT,26,gibraltar
Grenade,ChatGPT,33,grenade
Groenland,ChatGPT,11,groenland
Grèce,ChatGPT,16,greece
Guadeloupe,ChatGPT,14,guadeloupe
Guam,ChatGPT,16,guam
Guatemala,ChatGPT,29,guatemala
Guernesey,ChatGPT,9,guernesey
Guinée,ChatGPT,16,guinee
Guinée équatoriale,ChatGPT,12,guinee equatoriale
Guinée-Bissau,ChatGPT,14,guinee-bissau
Guyana,ChatGPT,24,guyana
Guyane française,ChatGPT,17,guyane francaise
Géorgie,ChatGPT,20,georgie
Géorgie du Sud-et-les Îles Sandwich du Sud,ChatGPT,0,georgie du sud-et-les iles sandwich du sud
Haïti,ChatGPT,17,haiti
Honduras,ChatGPT,30,honduras
Hong Kong,ChatGPT,6,hong kong
Hongrie,ChatGPT,18,hungary
Inde,ChatGPT,30,india
Indonésie,ChatGPT,23,indonesia
Irak,ChatGPT,9,irak
Iran,ChatGPT,7,iran
Irlande,ChatGPT,15,ireland
Islande,ChatGPT,12,iceland
Israël,ChatGPT,10,israel
Italie,ChatGPT,15,italy
Jamaïque,ChatGPT,27,jamaique
Japon,ChatGPT,4,japan
Jersey,ChatGPT,10,jersey
Jordanie,ChatGPT,18,jordanie
Kazakhstan,ChatGPT,8,kazakhstan
Kenya,ChatGPT,46,kenya
Kirghizstan,ChatGPT,8,kirghizstan
Kiribati,ChatGPT,62,kiribati
Kosovo,ChatGPT,46,kosovo
Koweït,ChatGPT,16,koweit
La Réunion,ChatGPT,15,la reunion
Laos,ChatGPT,14,laos
Lesotho,ChatGPT,36,lesotho
Lettonie,ChatGPT,14,lettonie
Liban,ChatGPT,34,liban
Liberia,ChatGPT,23,liberia
Libye,ChatGPT,7,libye
Liechtenstein,ChatGPT,22,liechtenstein
Lituanie,ChatGPT,18,lituanie
Luxembourg,ChatGPT,22,luxembourg
Macao,ChatGPT,4,macao
Macédoine du Nord,ChatGPT,29,macedoine du nord
Madagascar,ChatGPT,66,madagascar
Malaisie,ChatGPT,46,malaysia
Malawi,ChatGPT,23,malawi
Maldives,ChatGPT,39,maldives
Mali,ChatGPT,9,mali
Malte,ChatGPT,30,malte
Maroc,ChatGPT,34,morocco
Martinique,ChatGPT,13,martinique
Maurice,ChatGPT,39,maurice
Mauritanie,ChatGPT,14,mauritanie
Mayotte,ChatGPT,19,mayotte
Mexique,ChatGPT,21,mexico
Micronésie,ChatGPT,32,micronesie
Moldavie,ChatGPT,15,moldavie
Monaco,ChatGPT,0,monaco
Mongolie,ChatGPT,48,mongolie
Montserrat,ChatGPT,17,montserrat
Monténégro,ChatGPT,18,montenegro
Mozambique,ChatGPT,29,mozambique
Myanmar (Birmanie),ChatGPT,42,myanmar (birmanie)
Namibie,ChatGPT,55,namibie
Nauru,ChatGPT,0,nauru
Nicaragua,ChatGPT,27,nicaragua
Niger,ChatGPT,10,niger
Nigeria,ChatGPT,16,nigeria
Niue,ChatGPT,0,niue
Norvège,ChatGPT,11,norway
Nouvelle-Calédonie,ChatGPT,16,nouvelle-caledonie
Nouvelle-Zélande,ChatGPT,16,new zealand
Népal,ChatGPT,44,nepal
Oman,ChatGPT,25,oman
Ouganda,ChatGPT,19,ouganda
Ouzbékistan,ChatGPT,42,ouzbekistan
Pakistan,ChatGPT,47,pakistan
Palaos,ChatGPT,29,palaos
Palestine,ChatGPT,19,palestine
Panama,ChatGPT,41,panama
Papouasie-Nouvelle-Guinée,ChatGPT,34,papouasie-nouvelle-guinee
Paraguay,ChatGPT,22,paraguay
Pays-Bas,ChatGPT,15,netherlands
Pays-Bas caribéens,ChatGPT,26,pays-bas caribeens
Philippines,ChatGPT,47,philippines
Pologne,ChatGPT,7,poland
Polynésie française,ChatGPT,20,polynesie francaise
Porto Rico,ChatGPT,22,porto rico
Portugal,ChatGPT,26,portugal
Pérou,ChatGPT,50,peru
Qatar,ChatGPT,33,qatar
Roumanie,ChatGPT,15,romania
Royaume-Uni,ChatGPT,11,united kingdom
Russie,ChatGPT,2,russia
Rwanda,ChatGPT,67,rwanda
République centrafricaine,ChatGPT,12,republique centrafricaine
République dominicaine,ChatGPT,31,republique dominicaine
Sahara occidental,ChatGPT,28,sahara occidental
Saint-Barthélemy,ChatGPT,14,saint-barthelemy
Saint-Christophe-et-Niévès,ChatGPT,26,saint-christophe-et-nieves
Saint-Marin,ChatGPT,22,saint-marin
Saint-Martin,ChatGPT,17,saint-martin
Saint-Martin (partie néerlandaise),ChatGPT,19,saint-martin (partie neerlandaise)
Saint-Pierre-et-Miquelon,ChatGPT,11,saint-pierre-et-miquelon
Saint-Vincent-et-les Grenadines,ChatGPT,29,saint-vincent-et-les grenadines
Sainte-Hélène,ChatGPT,3,sainte-helene
Sainte-Lucie,ChatGPT,33,sainte-lucie
Salvador,ChatGPT,36,salvador
Samoa,ChatGPT,42,samoa
Samoa américaines,ChatGPT,51,samoa americaines
Sao Tomé-et-Principe,ChatGPT,36,sao tome-et-principe
Serbie,ChatGPT,18,serbie
Seychelles,ChatGPT,37,seychelles
Sierra Leone,ChatGPT,21,sierra leone
Singapour,ChatGPT,30,singapore
Slovaquie,ChatGPT,12,slovakia
Slovénie,ChatGPT,19,slovenia
Somalie,ChatGPT,47,somalie
Soudan,ChatGPT,4,soudan
Soudan du Sud,ChatGPT,23,soudan du sud
Sri Lanka,ChatGPT,54,sri lanka
Suisse,ChatGPT,19,switzerland
Suriname,ChatGPT,34,suriname
Suède,ChatGPT,12,sweden
Svalbard et Jan Mayen,ChatGPT,12,svalbard et jan mayen
Syrie,ChatGPT,3,syrie
Sénégal,ChatGPT,21,senegal
Tadjikistan,ChatGPT,6,tadjikistan
Tanzanie,ChatGPT,29,tanzanie
Taïwan,ChatGPT,22,taiwan
Tchad,ChatGPT,8,tchad
Tchéquie,ChatGPT,10,czechia
Terres australes françaises,ChatGPT,0,terres australes francaises
Territoire britannique de l’océan Indien,ChatGPT,0,territoire britannique de locean indien
Thaïlande,ChatGPT,11,thailand
Timor oriental,ChatGPT,33,timor oriental
Togo,ChatGPT,22,togo
Tokelau,ChatGPT,0,tokelau
Tonga,ChatGPT,47,tonga
Trinité-et-Tobago,ChatGPT,23,trinite-et-tobago
Tunisie,ChatGPT,40,tunisia
Turkménistan,ChatGPT,3,turkmenistan
Turquie,ChatGPT,14,turkey
Tuvalu,ChatGPT,54,tuvalu
Ukraine,ChatGPT,4,ukraine
Uruguay,ChatGPT,20,uruguay
Vanuatu,ChatGPT,86,vanuatu
Venezuela,ChatGPT,4,venezuela
Viêt Nam,ChatGPT,10,viet nam
Wallis-et-Futuna,ChatGPT,39,wallis-et-futuna
Yémen,ChatGPT,5,yemen
Zambie,ChatGPT,18,zambie
Zimbabwe,ChatGPT,22,zimbabwe
Égypte,ChatGPT,13,egypt
Émirats arabes unis,ChatGPT,39,united arab emirates
Équateur,ChatGPT,47,equateur
Érythrée,ChatGPT,25,erythree
État de la Cité du Vatican,ChatGPT,0,etat de la cite du vatican
États-Unis,ChatGPT,12,united states
Éthiopie,ChatGPT,41,ethiopie
Île Bouvet,ChatGPT,0,ile bouvet
Île Christmas,ChatGPT,0,ile christmas
Île Norfolk,ChatGPT,0,ile norfolk
Île de Man,ChatGPT,10,ile de man
Îles Caïmans,ChatGPT,20,iles caimans
Îles Cocos,ChatGPT,0,iles cocos
Îles Cook,ChatGPT,36,iles cook
Îles Féroé,ChatGPT,13,iles feroe
Îles Heard-et-MacDonald,ChatGPT,0,iles heard-et-macdonald
Îles Malouines (Îles Falkland),ChatGPT,7,iles malouines (iles falkland)
Îles Mariannes du Nord,ChatGPT,28,iles mariannes du nord
Îles Marshall,ChatGPT,26,iles marshall
Îles Pitcairn,ChatGPT,0,iles pitcairn
Îles Salomon,ChatGPT,81,iles salomon
Îles Turques-et-Caïques,ChatGPT,22,iles turques-et-caiques
Îles Vierges britanniques,ChatGPT,23,iles vierges britanniques
Îles Vierges des États-Unis,ChatGPT,14,iles vierges des etats-unis
Îles mineures éloignées des États-Unis,ChatGPT,0,iles mineures eloignees des etats-unis
Îles Åland,ChatGPT,10,iles aland
